instance (id),count
0 , 494
1 , 66
2 , 289
3 , 340
4 , 109
5 , 137
6 , 235
7 , 439
8 , 186
9 , 50
10 , 307
11 , 4
12 , 164
13 , 4
14 , 16
15 , 432
16 , 4
17 , 49
18 , 321
19 , 69
20 , 4
21 , 238
22 , 23
23 , 256
24 , 23
25 , 260
26 , 4
27 , 168
28 , 213
29 , 312
30 , 102
31 , 122
32 , 463
33 , 212
34 , 100
35 , 174
36 , 4
37 , 286
38 , 201
39 , 207
40 , 163
41 , 226
42 , 346
43 , 288
44 , 240
45 , 63
46 , 4
47 , 338
48 , 190
49 , 287
50 , 235
51 , 237
52 , 253
53 , 4
54 , 206
55 , 240
56 , 239
57 , 195
58 , 205
59 , 44
60 , 232
61 , 247
62 , 490
63 , 384
64 , 467
65 , 545
66 , 207
67 , 133
68 , 350
69 , 202
70 , 283
71 , 52
72 , 305
73 , 438
74 , 231
75 , 464
76 , 26
77 , 196
78 , 208
79 , 241
80 , 241
81 , 387
82 , 77
83 , 4
84 , 174
85 , 266
86 , 264
87 , 180
88 , 263
89 , 313
90 , 271
91 , 270
92 , 46
93 , 104
94 , 236
95 , 254
96 , 4
97 , 172
98 , 278
99 , 253
100 , 210
101 , 242
102 , 4
103 , 83
104 , 379
105 , 149
106 , 443
107 , 471
108 , 53
109 , 192
110 , 54
111 , 72
112 , 43
113 , 269
114 , 4
115 , 81
116 , 324
117 , 7
118 , 230
119 , 197
120 , 341
121 , 11
122 , 377
123 , 232
124 , 4
125 , 69
126 , 4
127 , 96
128 , 177
129 , 488
130 , 4
131 , 393
132 , 4
133 , 174
134 , 128
135 , 4
136 , 240
137 , 289
138 , 23
139 , 86
140 , 319
141 , 174
142 , 292
143 , 305
144 , 362
145 , 174
146 , 372
147 , 397
148 , 475
149 , 239
150 , 135
151 , 254
152 , 152
153 , 340
154 , 399
155 , 284
156 , 505
157 , 22
158 , 230
159 , 164
160 , 167
161 , 158
162 , 398
163 , 123
164 , 72
165 , 150
166 , 250
167 , 292
168 , 210
169 , 360
170 , 102
171 , 147
172 , 85
173 , 249
174 , 162
175 , 83
176 , 499
177 , 285
178 , 68
179 , 65
180 , 4
181 , 284
182 , 357
183 , 4
184 , 243
185 , 4
186 , 378
187 , 0
188 , 69
189 , 299
190 , 262
191 , 8
192 , 322
193 , 233
194 , 341
195 , 16
196 , 226
197 , 0
198 , 60
199 , 37
200 , 233
201 , 46
202 , 413
203 , 310
204 , 107
205 , 86
206 , 338
207 , 225
208 , 45
209 , 77
210 , 447
211 , 50
212 , 43
213 , 31
214 , 218
215 , 303
216 , 467
217 , 11
218 , 285
219 , 173
220 , 424
221 , 91
222 , 471
223 , 231
224 , 482
225 , 242
226 , 525
227 , 4
228 , 341
229 , 337
230 , 274
231 , 238
232 , 188
233 , 55
234 , 195
235 , 62
236 , 11
237 , 281
238 , 79
239 , 12
240 , 188
241 , 294
242 , 113
243 , 4
244 , 25
245 , 15
246 , 68
247 , 221
248 , 266
249 , 79
250 , 178
251 , 4
252 , 4
253 , 138
254 , 192
255 , 151
256 , 28
257 , 4
258 , 116
259 , 28
260 , 251
261 , 90
262 , 149
263 , 266
264 , 320
265 , 147
266 , 90
267 , 250
268 , 76
269 , 64
270 , 164
271 , 272
272 , 214
273 , 251
274 , 170
275 , 379
276 , 311
277 , 162
278 , 165
279 , 108
280 , 245
281 , 54
282 , 284
283 , 114
284 , 295
285 , 4
286 , 410
287 , 338
288 , 69
289 , 44
290 , 73
291 , 18
292 , 332
293 , 191
294 , 23
295 , 73
296 , 520
297 , 545
298 , 4
299 , 260
300 , 264
301 , 513
302 , 265
303 , 193
304 , 111
305 , 287
306 , 533
307 , 160
308 , 328
309 , 479
310 , 15
311 , 4
312 , 241
313 , 142
314 , 365
315 , 29
316 , 152
317 , 127
318 , 472
319 , 4
320 , 178
321 , 143
322 , 295
323 , 83
324 , 62
325 , 238
326 , 11
327 , 201
328 , 253
329 , 90
330 , 206
331 , 397
332 , 4
333 , 87
334 , 394
335 , 61
336 , 185
337 , 21
338 , 270
339 , 217
340 , 203
341 , 132
342 , 151
343 , 113
344 , 332
345 , 171
346 , 326
347 , 302
348 , 219
349 , 148
350 , 18
351 , 358
352 , 450
353 , 4
354 , 380
355 , 264
356 , 199
357 , 390
358 , 4
359 , 186
360 , 266
361 , 155
362 , 15
363 , 162
364 , 411
365 , 475
366 , 266
367 , 394
368 , 472
369 , 257
370 , 229
371 , 340
372 , 399
373 , 257
374 , 4
375 , 52
376 , 1
377 , 4
378 , 12
379 , 87
380 , 274
381 , 146
382 , 131
383 , 341
384 , 237
385 , 4
386 , 288
387 , 15
388 , 71
389 , 171
390 , 335
391 , 4
392 , 203
393 , 77
394 , 56
395 , 405
396 , 83
397 , 22
398 , 44
399 , 320
400 , 320
401 , 43
402 , 87
403 , 495
404 , 65
405 , 165
406 , 487
407 , 267
408 , 73
409 , 218
410 , 388
411 , 141
412 , 4
413 , 4
414 , 118
415 , 124
416 , 252
417 , 306
418 , 4
419 , 195
420 , 237
421 , 306
422 , 193
423 , 226
424 , 267
425 , 291
426 , 418
427 , 377
428 , 161
429 , 505
430 , 333
431 , 66
432 , 58
433 , 229
434 , 158
435 , 259
436 , 60
437 , 56
438 , 226
439 , 366
440 , 272
441 , 4
442 , 228
443 , 429
444 , 168
445 , 302
446 , 128
447 , 167
448 , 73
449 , 289
450 , 482
451 , 223
452 , 39
453 , 431
454 , 131
455 , 4
456 , 8
457 , 212
458 , 11
459 , 102
460 , 242
461 , 355
462 , 22
463 , 240
464 , 39
465 , 103
466 , 290
467 , 4
468 , 324
469 , 185
470 , 44
471 , 120
472 , 297
473 , 62
474 , 212
475 , 91
476 , 349
477 , 149
478 , 68
479 , 255
480 , 152
481 , 20
482 , 121
483 , 2
484 , 92
485 , 125
486 , 169
487 , 43
488 , 169
489 , 182
490 , 267
491 , 117
492 , 146
493 , 74
494 , 424
495 , 235
496 , 57
497 , 4
498 , 296
499 , 52
500 , 297
501 , 88
502 , 70
503 , 90
504 , 162
505 , 245
506 , 162
507 , 240
508 , 4
509 , 200
510 , 219
511 , 451
512 , 274
513 , 135
514 , 142
515 , 403
516 , 18
517 , 383
518 , 177
519 , 103
520 , 170
521 , 336
522 , 133
523 , 2
524 , 298
525 , 202
526 , 139
527 , 109
528 , 67
529 , 274
530 , 201
531 , 343
532 , 187
533 , 91
534 , 427
535 , 144
536 , 199
537 , 232
538 , 194
539 , 363
540 , 116
541 , 273
542 , 136
543 , 407
544 , 127
545 , 189
546 , 307
547 , 89
548 , 332
549 , 103
550 , 4
551 , 109
552 , 131
553 , 201
554 , 4
555 , 242
556 , 239
557 , 254
558 , 227
559 , 227
560 , 134
561 , 58
562 , 220
563 , 417
564 , 195
565 , 273
566 , 308
567 , 306
568 , 190
569 , 4
570 , 309
571 , 54
572 , 280
573 , 4
574 , 413
575 , 4
576 , 332
577 , 9
578 , 306
579 , 484
580 , 196
581 , 71
582 , 343
583 , 137
584 , 361
585 , 140
586 , 37
587 , 185
588 , 135
589 , 326
590 , 362
591 , 325
592 , 71
593 , 56
594 , 35
595 , 4
596 , 322
597 , 341
598 , 45
599 , 151
600 , 283
601 , 337
602 , 9
603 , 41
604 , 90
605 , 99
606 , 168
607 , 377
608 , 27
609 , 4
610 , 63
611 , 140
612 , 4
613 , 261
614 , 186
615 , 200
616 , 110
617 , 302
618 , 192
619 , 338
620 , 274
621 , 393
622 , 95
623 , 327
624 , 176
625 , 298
626 , 4
627 , 333
628 , 116
629 , 103
630 , 207
631 , 321
632 , 195
633 , 197
634 , 62
635 , 22
636 , 288
637 , 86
638 , 270
639 , 424
640 , 133
641 , 232
642 , 18
643 , 539
644 , 102
645 , 51
646 , 122
647 , 202
648 , 213
649 , 247
650 , 159
651 , 185
652 , 221
653 , 262
654 , 4
655 , 69
656 , 288
657 , 97
658 , 267
659 , 4
660 , 373
661 , 306
662 , 247
663 , 102
664 , 341
665 , 99
666 , 48
667 , 22
668 , 149
669 , 191
670 , 85
671 , 5
672 , 4
673 , 247
674 , 190
675 , 118
676 , 446
677 , 72
678 , 266
679 , 48
680 , 20
681 , 186
682 , 405
683 , 182
684 , 223
685 , 308
686 , 382
687 , 124
688 , 106
689 , 60
690 , 357
691 , 176
692 , 184
693 , 97
694 , 143
695 , 473
696 , 268
697 , 120
698 , 204
699 , 213
700 , 38
701 , 300
702 , 331
703 , 226
704 , 40
705 , 21
706 , 4
707 , 528
708 , 55
709 , 209
710 , 4
711 , 376
712 , 64
713 , 216
714 , 246
715 , 246
716 , 175
717 , 374
718 , 219
719 , 69
720 , 56
721 , 240
722 , 237
723 , 213
724 , 222
725 , 301
726 , 386
727 , 224
728 , 4
729 , 269
730 , 33
731 , 4
732 , 568
733 , 269
734 , 297
735 , 47
736 , 360
737 , 340
738 , 186
739 , 205
740 , 269
741 , 268
742 , 93
743 , 36
744 , 207
745 , 292
746 , 112
747 , 158
748 , 70
749 , 4
750 , 332
751 , 14
752 , 231
753 , 185
754 , 4
755 , 119
756 , 97
757 , 195
758 , 238
759 , 238
760 , 286
761 , 212
762 , 181
763 , 94
764 , 196
765 , 176
766 , 12
767 , 216
768 , 45
769 , 119
770 , 347
771 , 373
772 , 252
773 , 4
774 , 4
775 , 283
776 , 110
777 , 4
778 , 129
779 , 98
780 , 239
781 , 131
782 , 410
783 , 111
784 , 279
785 , 321
786 , 198
787 , 67
788 , 359
789 , 187
790 , 399
791 , 149
792 , 277
793 , 151
794 , 407
795 , 100
796 , 96
797 , 4
798 , 78
799 , 29
800 , 45
801 , 152
802 , 191
803 , 35
804 , 69
805 , 23
806 , 393
807 , 233
808 , 28
809 , 319
810 , 360
811 , 92
812 , 204
813 , 4
814 , 377
815 , 374
816 , 229
817 , 481
818 , 210
819 , 368
820 , 369
821 , 342
822 , 473
823 , 57
824 , 69
825 , 263
826 , 316
827 , 5
828 , 327
829 , 91
830 , 93
831 , 121
832 , 354
833 , 93
834 , 252
835 , 354
836 , 220
837 , 376
838 , 73
839 , 158
840 , 244
841 , 254
842 , 164
843 , 204
844 , 217
845 , 260
846 , 315
847 , 283
848 , 246
849 , 385
850 , 497
851 , 261
852 , 463
853 , 345
854 , 127
855 , 505
856 , 86
857 , 323
858 , 4
859 , 84
860 , 325
861 , 116
862 , 97
863 , 183
864 , 6
865 , 361
866 , 4
867 , 238
868 , 129
869 , 244
870 , 229
871 , 106
872 , 4
873 , 249
874 , 333
875 , 4
876 , 4
877 , 153
878 , 312
879 , 209
880 , 470
881 , 93
882 , 278
883 , 294
884 , 299
885 , 435
886 , 277
887 , 305
888 , 201
889 , 230
890 , 188
891 , 56
892 , 64
893 , 150
894 , 251
895 , 360
896 , 57
897 , 4
898 , 360
899 , 265
900 , 8
901 , 341
902 , 25
903 , 174
904 , 376
905 , 286
906 , 207
907 , 274
908 , 382
909 , 322
910 , 235
911 , 216
912 , 529
913 , 131
914 , 250
915 , 104
916 , 192
917 , 186
918 , 308
919 , 203
920 , 4
921 , 66
922 , 268
923 , 327
924 , 258
925 , 180
926 , 218
927 , 134
928 , 254
929 , 230
930 , 170
931 , 71
932 , 436
933 , 159
934 , 47
935 , 273
936 , 168
937 , 354
938 , 44
939 , 156
940 , 178
941 , 342
942 , 99
943 , 148
944 , 82
945 , 344
946 , 119
947 , 393
948 , 37
949 , 60
950 , 4
951 , 243
952 , 244
953 , 54
954 , 24
955 , 346
956 , 403
957 , 17
958 , 542
959 , 118
960 , 86
961 , 290
962 , 72
963 , 494
964 , 23
965 , 54
966 , 220
967 , 382
968 , 4
969 , 247
970 , 208
971 , 118
972 , 225
973 , 313
974 , 4
975 , 188
976 , 4
977 , 484
978 , 16
979 , 434
980 , 169
981 , 223
982 , 63
983 , 147
984 , 412
985 , 250
986 , 307
987 , 449
988 , 396
989 , 98
990 , 261
991 , 227
992 , 124
993 , 410
994 , 4
995 , 4
996 , 4
997 , 74
998 , 270
999 , 104
1000 , 66
1001 , 4
1002 , 264
1003 , 231
1004 , 318
1005 , 376
1006 , 386
1007 , 117
1008 , 133
1009 , 88
1010 , 296
1011 , 474
1012 , 78
1013 , 4
1014 , 162
1015 , 200
1016 , 240
1017 , 162
1018 , 149
1019 , 143
1020 , 240
1021 , 248
1022 , 101
1023 , 366
1024 , 14
1025 , 306
1026 , 4
1027 , 156
1028 , 4
1029 , 256
1030 , 534
1031 , 275
1032 , 362
1033 , 147
1034 , 34
1035 , 368
1036 , 284
1037 , 4
1038 , 43
1039 , 171
1040 , 58
1041 , 89
1042 , 549
1043 , 385
1044 , 112
1045 , 59
1046 , 235
1047 , 127
1048 , 231
1049 , 97
1050 , 4
1051 , 203
1052 , 159
1053 , 249
1054 , 198
1055 , 226
1056 , 304
1057 , 49
1058 , 53
1059 , 305
1060 , 4
1061 , 132
1062 , 275
1063 , 324
1064 , 95
1065 , 64
1066 , 74
1067 , 268
1068 , 64
1069 , 483
1070 , 4
1071 , 93
1072 , 399
1073 , 83
1074 , 295
1075 , 209
1076 , 279
1077 , 412
1078 , 292
1079 , 4
1080 , 211
1081 , 137
1082 , 52
1083 , 248
1084 , 47
1085 , 264
1086 , 337
1087 , 141
1088 , 4
1089 , 214
1090 , 49
1091 , 84
1092 , 5
1093 , 292
1094 , 4
1095 , 31
1096 , 135
1097 , 97
1098 , 375
1099 , 120
1100 , 275
1101 , 503
1102 , 17
1103 , 56
1104 , 76
1105 , 202
1106 , 21
1107 , 146
1108 , 257
1109 , 474
1110 , 156
1111 , 287
1112 , 28
1113 , 64
1114 , 67
1115 , 466
1116 , 139
1117 , 285
1118 , 4
1119 , 4
1120 , 438
1121 , 224
1122 , 100
1123 , 228
1124 , 105
1125 , 76
1126 , 218
1127 , 52
1128 , 151
1129 , 84
1130 , 255
1131 , 190
1132 , 65
1133 , 59
1134 , 73
1135 , 4
1136 , 339
1137 , 241
1138 , 83
1139 , 4
1140 , 382
1141 , 35
1142 , 51
1143 , 7
1144 , 242
1145 , 99
1146 , 192
1147 , 234
1148 , 60
1149 , 231
1150 , 268
1151 , 99
1152 , 4
1153 , 80
1154 , 199
1155 , 116
1156 , 146
1157 , 110
1158 , 98
1159 , 30
1160 , 155
1161 , 240
1162 , 222
1163 , 135
1164 , 128
1165 , 473
1166 , 4
1167 , 223
1168 , 78
1169 , 173
1170 , 85
1171 , 4
1172 , 475
1173 , 4
1174 , 330
1175 , 315
1176 , 202
1177 , 240
1178 , 82
1179 , 52
1180 , 117
1181 , 194
1182 , 186
1183 , 43
1184 , 215
1185 , 179
1186 , 79
1187 , 74
1188 , 225
1189 , 4
1190 , 262
1191 , 184
1192 , 187
1193 , 70
1194 , 303
1195 , 18
1196 , 47
1197 , 129
1198 , 250
1199 , 321
1200 , 70
1201 , 89
1202 , 113
1203 , 4
1204 , 4
1205 , 51
1206 , 368
1207 , 273
1208 , 278
1209 , 252
1210 , 14
1211 , 55
1212 , 28
1213 , 277
1214 , 129
1215 , 437
1216 , 411
1217 , 76
1218 , 332
1219 , 280
1220 , 270
1221 , 180
1222 , 93
1223 , 104
1224 , 249
1225 , 356
1226 , 58
1227 , 283
1228 , 143
1229 , 4
1230 , 13
1231 , 233
1232 , 257
1233 , 266
1234 , 510
1235 , 183
1236 , 231
1237 , 302
1238 , 532
1239 , 314
1240 , 4
1241 , 102
1242 , 303
1243 , 198
1244 , 101
1245 , 115
1246 , 148
1247 , 167
1248 , 77
1249 , 4
1250 , 330
1251 , 225
1252 , 281
1253 , 137
1254 , 365
1255 , 137
1256 , 137
1257 , 302
1258 , 131
1259 , 256
1260 , 203
1261 , 497
1262 , 465
1263 , 225
1264 , 194
1265 , 94
1266 , 314
1267 , 258
1268 , 212
1269 , 61
1270 , 229
1271 , 297
1272 , 121
1273 , 221
1274 , 60
1275 , 404
1276 , 4
1277 , 73
1278 , 61
1279 , 305
1280 , 430
1281 , 97
1282 , 4
1283 , 208
1284 , 15
1285 , 196
1286 , 4
1287 , 271
1288 , 96
1289 , 203
1290 , 288
1291 , 119
1292 , 289
1293 , 138
1294 , 144
1295 , 210
1296 , 512
1297 , 38
1298 , 190
1299 , 186
1300 , 108
1301 , 214
1302 , 26
1303 , 4
1304 , 257
1305 , 275
1306 , 287
1307 , 74
1308 , 255
1309 , 147
1310 , 234
1311 , 175
1312 , 147
1313 , 134
1314 , 4
1315 , 499
1316 , 72
1317 , 260
1318 , 176
1319 , 332
1320 , 229
1321 , 228
1322 , 398
1323 , 212
1324 , 320
1325 , 88
1326 , 123
1327 , 69
1328 , 320
1329 , 82
1330 , 4
1331 , 227
1332 , 383
1333 , 412
1334 , 124
1335 , 217
1336 , 40
1337 , 485
1338 , 4
1339 , 355
1340 , 284
1341 , 269
1342 , 449
1343 , 140
1344 , 254
1345 , 338
1346 , 251
1347 , 250
1348 , 252
1349 , 249
1350 , 206
1351 , 269
1352 , 306
1353 , 408
1354 , 104
1355 , 393
1356 , 444
1357 , 260
1358 , 73
1359 , 496
1360 , 46
1361 , 289
1362 , 504
1363 , 264
1364 , 346
1365 , 249
1366 , 249
1367 , 66
1368 , 211
1369 , 4
1370 , 138
1371 , 269
1372 , 212
1373 , 239
1374 , 503
1375 , 103
1376 , 63
1377 , 254
1378 , 100
1379 , 145
1380 , 375
1381 , 181
1382 , 345
1383 , 248
1384 , 209
1385 , 306
1386 , 209
1387 , 1
1388 , 250
1389 , 48
1390 , 203
1391 , 233
1392 , 59
1393 , 397
1394 , 28
1395 , 164
1396 , 264
1397 , 195
1398 , 211
1399 , 259
1400 , 171
1401 , 308
1402 , 4
1403 , 91
1404 , 113
1405 , 4
1406 , 4
1407 , 4
1408 , 353
1409 , 4
1410 , 366
1411 , 292
1412 , 4
1413 , 248
1414 , 278
1415 , 99
1416 , 99
1417 , 117
1418 , 47
1419 , 61
1420 , 387
1421 , 62
1422 , 282
1423 , 275
1424 , 36
1425 , 4
1426 , 84
1427 , 102
1428 , 368
1429 , 300
1430 , 235
1431 , 365
1432 , 392
1433 , 4
1434 , 138
1435 , 13
1436 , 127
1437 , 296
1438 , 258
1439 , 19
1440 , 26
1441 , 4
1442 , 377
1443 , 75
1444 , 65
1445 , 313
1446 , 352
1447 , 380
1448 , 107
1449 , 397
1450 , 4
1451 , 312
1452 , 4
1453 , 110
1454 , 118
1455 , 251
1456 , 76
1457 , 256
1458 , 181
1459 , 4
1460 , 87
1461 , 189
1462 , 4
1463 , 44
1464 , 223
1465 , 314
1466 , 304
1467 , 434
1468 , 63
1469 , 313
1470 , 80
1471 , 135
1472 , 113
1473 , 63
1474 , 56
1475 , 156
1476 , 424
1477 , 430
1478 , 185
1479 , 273
1480 , 324
1481 , 80
1482 , 386
1483 , 194
1484 , 425
1485 , 150
1486 , 4
1487 , 144
1488 , 389
1489 , 214
1490 , 100
1491 , 74
1492 , 183
1493 , 4
1494 , 56
1495 , 182
1496 , 65
1497 , 262
1498 , 292
1499 , 208
1500 , 342
1501 , 4
1502 , 276
1503 , 226
1504 , 4
1505 , 4
1506 , 203
1507 , 86
1508 , 202
1509 , 4
1510 , 76
1511 , 4
1512 , 88
1513 , 4
1514 , 178
1515 , 397
1516 , 318
1517 , 417
1518 , 229
1519 , 545
1520 , 4
1521 , 440
1522 , 146
1523 , 225
1524 , 15
1525 , 132
1526 , 327
1527 , 4
1528 , 412
1529 , 4
1530 , 252
1531 , 26
1532 , 3
1533 , 204
1534 , 9
1535 , 211
1536 , 85
1537 , 82
1538 , 206
1539 , 284
1540 , 216
1541 , 70
1542 , 45
1543 , 86
1544 , 319
1545 , 133
1546 , 391
1547 , 203
1548 , 165
1549 , 27
1550 , 254
1551 , 204
1552 , 176
1553 , 239
1554 , 209
1555 , 282
1556 , 276
1557 , 296
1558 , 240
1559 , 189
1560 , 38
1561 , 4
1562 , 269
1563 , 299
1564 , 103
1565 , 190
1566 , 291
1567 , 274
1568 , 504
1569 , 219
1570 , 81
1571 , 337
1572 , 195
1573 , 4
1574 , 221
1575 , 214
1576 , 217
1577 , 210
1578 , 432
1579 , 211
1580 , 4
1581 , 492
1582 , 307
1583 , 292
1584 , 353
1585 , 249
1586 , 66
1587 , 266
1588 , 172
1589 , 211
1590 , 112
1591 , 473
1592 , 236
1593 , 186
1594 , 298
1595 , 231
1596 , 150
1597 , 187
1598 , 108
1599 , 466
1600 , 146
1601 , 201
1602 , 269
1603 , 65
1604 , 95
1605 , 293
1606 , 279
1607 , 4
1608 , 475
1609 , 318
1610 , 450
1611 , 228
1612 , 126
1613 , 281
1614 , 57
1615 , 46
1616 , 199
1617 , 23
1618 , 9
1619 , 41
1620 , 44
1621 , 194
1622 , 222
1623 , 406
1624 , 355
1625 , 4
1626 , 161
1627 , 92
1628 , 300
1629 , 294
1630 , 341
1631 , 204
1632 , 192
1633 , 167
1634 , 198
1635 , 223
1636 , 256
1637 , 332
1638 , 161
1639 , 84
1640 , 184
1641 , 462
1642 , 167
1643 , 229
1644 , 416
1645 , 288
1646 , 203
1647 , 4
1648 , 21
1649 , 227
1650 , 98
1651 , 262
1652 , 94
1653 , 546
1654 , 101
1655 , 14
1656 , 155
1657 , 60
1658 , 344
1659 , 4
1660 , 142
1661 , 253
1662 , 300
1663 , 15
1664 , 77
1665 , 31
1666 , 54
1667 , 4
1668 , 59
1669 , 386
1670 , 72
1671 , 213
1672 , 137
1673 , 63
1674 , 359
1675 , 4
1676 , 395
1677 , 497
1678 , 84
1679 , 439
1680 , 269
1681 , 4
1682 , 481
1683 , 118
1684 , 76
1685 , 132
1686 , 351
1687 , 23
1688 , 73
1689 , 15
1690 , 25
1691 , 288
1692 , 86
1693 , 112
1694 , 269
1695 , 84
1696 , 143
1697 , 47
1698 , 9
1699 , 316
1700 , 200
1701 , 262
1702 , 196
1703 , 286
1704 , 18
1705 , 311
1706 , 373
1707 , 14
1708 , 43
1709 , 277
1710 , 4
1711 , 183
1712 , 200
1713 , 157
1714 , 200
1715 , 4
1716 , 257
1717 , 288
1718 , 344
1719 , 77
1720 , 4
1721 , 4
1722 , 182
1723 , 210
1724 , 232
1725 , 216
1726 , 124
1727 , 357
1728 , 71
1729 , 220
1730 , 130
1731 , 443
1732 , 180
1733 , 74
1734 , 31
1735 , 360
1736 , 123
1737 , 4
1738 , 412
1739 , 225
1740 , 199
1741 , 35
1742 , 155
1743 , 157
1744 , 298
1745 , 137
1746 , 162
1747 , 207
1748 , 380
1749 , 178
1750 , 71
1751 , 33
1752 , 176
1753 , 12
1754 , 309
1755 , 257
1756 , 4
1757 , 256
1758 , 79
1759 , 137
1760 , 127
1761 , 4
1762 , 297
1763 , 266
1764 , 95
1765 , 458
1766 , 446
1767 , 7
1768 , 66
1769 , 328
1770 , 54
1771 , 76
1772 , 296
1773 , 45
1774 , 426
1775 , 4
1776 , 229
1777 , 178
1778 , 29
1779 , 4
1780 , 341
1781 , 266
1782 , 106
1783 , 352
1784 , 325
1785 , 86
1786 , 434
1787 , 115
1788 , 133
1789 , 272
1790 , 92
1791 , 231
1792 , 165
1793 , 251
1794 , 130
1795 , 275
1796 , 308
1797 , 251
1798 , 312
1799 , 269
1800 , 117
1801 , 165
1802 , 49
1803 , 100
1804 , 160
1805 , 138
1806 , 322
1807 , 355
1808 , 86
1809 , 352
1810 , 13
1811 , 346
1812 , 195
1813 , 14
1814 , 108
1815 , 4
1816 , 416
1817 , 227
1818 , 249
1819 , 155
1820 , 156
1821 , 342
1822 , 276
1823 , 22
1824 , 164
1825 , 80
1826 , 377
1827 , 345
1828 , 275
1829 , 397
1830 , 4
1831 , 4
1832 , 11
1833 , 239
1834 , 221
1835 , 43
1836 , 296
1837 , 124
1838 , 191
1839 , 211
1840 , 92
1841 , 433
1842 , 172
1843 , 315
1844 , 275
1845 , 45
1846 , 215
1847 , 4
1848 , 522
1849 , 4
1850 , 31
1851 , 380
1852 , 202
1853 , 271
1854 , 286
1855 , 462
1856 , 159
1857 , 482
1858 , 104
1859 , 147
1860 , 364
1861 , 0
1862 , 259
1863 , 193
1864 , 74
1865 , 71
1866 , 311
1867 , 90
1868 , 4
1869 , 286
1870 , 433
1871 , 226
1872 , 335
1873 , 141
1874 , 456
1875 , 133
1876 , 240
1877 , 243
1878 , 379
1879 , 332
1880 , 58
1881 , 345
1882 , 111
1883 , 116
1884 , 62
1885 , 15
1886 , 66
1887 , 324
1888 , 69
1889 , 322
1890 , 277
1891 , 4
1892 , 131
1893 , 76
1894 , 178
1895 , 18
1896 , 97
1897 , 73
1898 , 86
1899 , 362
1900 , 281
1901 , 87
1902 , 223
1903 , 308
1904 , 202
1905 , 399
1906 , 293
1907 , 412
1908 , 82
1909 , 90
1910 , 289
1911 , 253
1912 , 159
1913 , 117
1914 , 227
1915 , 4
1916 , 85
1917 , 225
1918 , 9
1919 , 280
1920 , 167
1921 , 4
1922 , 350
1923 , 356
1924 , 22
1925 , 86
1926 , 49
1927 , 450
1928 , 532
1929 , 261
1930 , 80
1931 , 396
1932 , 90
1933 , 42
1934 , 349
1935 , 302
1936 , 401
1937 , 369
1938 , 378
1939 , 83
1940 , 4
1941 , 261
1942 , 205
1943 , 73
1944 , 8
1945 , 4
1946 , 105
1947 , 270
1948 , 438
1949 , 152
1950 , 27
1951 , 4
1952 , 104
1953 , 134
1954 , 86
1955 , 235
1956 , 91
1957 , 21
1958 , 325
1959 , 4
1960 , 41
1961 , 293
1962 , 315
1963 , 502
1964 , 219
1965 , 257
1966 , 105
1967 , 371
1968 , 290
1969 , 4
1970 , 157
1971 , 4
1972 , 4
1973 , 199
1974 , 386
1975 , 241
1976 , 393
1977 , 359
1978 , 300
1979 , 380
1980 , 206
1981 , 18
1982 , 257
1983 , 4
1984 , 231
1985 , 261
1986 , 18
1987 , 100
1988 , 287
1989 , 115
1990 , 4
1991 , 86
1992 , 280
1993 , 491
1994 , 163
1995 , 46
1996 , 103
1997 , 229
1998 , 292
1999 , 60
2000 , 177
2001 , 113
2002 , 10
2003 , 38
2004 , 4
2005 , 133
2006 , 171
2007 , 129
2008 , 286
2009 , 158
2010 , 316
2011 , 65
2012 , 309
2013 , 233
2014 , 367
2015 , 148
2016 , 112
2017 , 96
2018 , 440
2019 , 20
2020 , 166
2021 , 209
2022 , 260
2023 , 344
2024 , 4
2025 , 340
2026 , 190
2027 , 4
2028 , 195
2029 , 423
2030 , 194
2031 , 311
2032 , 166
2033 , 285
2034 , 199
2035 , 198
2036 , 48
2037 , 221
2038 , 11
2039 , 203
2040 , 282
2041 , 20
2042 , 382
2043 , 323
2044 , 129
2045 , 84
2046 , 324
2047 , 4
2048 , 419
2049 , 468
2050 , 346
2051 , 78
2052 , 4
2053 , 130
2054 , 211
2055 , 4
2056 , 205
2057 , 4
2058 , 415
2059 , 86
2060 , 117
2061 , 6
2062 , 91
2063 , 47
2064 , 234
2065 , 253
2066 , 240
2067 , 81
2068 , 12
2069 , 73
2070 , 335
2071 , 27
2072 , 338
2073 , 26
2074 , 323
2075 , 214
2076 , 349
2077 , 179
2078 , 254
2079 , 172
2080 , 274
2081 , 318
2082 , 496
2083 , 156
2084 , 123
2085 , 493
2086 , 166
2087 , 54
2088 , 69
2089 , 7
2090 , 51
2091 , 8
2092 , 72
2093 , 424
2094 , 397
2095 , 303
2096 , 6
2097 , 430
2098 , 23
2099 , 426
2100 , 4
2101 , 334
2102 , 4
2103 , 182
2104 , 282
2105 , 266
2106 , 158
2107 , 181
2108 , 460
2109 , 225
2110 , 296
2111 , 87
2112 , 137
2113 , 17
2114 , 70
2115 , 533
2116 , 86
2117 , 40
2118 , 310
2119 , 48
2120 , 68
2121 , 137
2122 , 210
2123 , 45
2124 , 210
2125 , 203
2126 , 405
2127 , 142
2128 , 93
2129 , 51
2130 , 163
2131 , 90
2132 , 252
2133 , 41
2134 , 121
2135 , 265
2136 , 222
2137 , 123
2138 , 481
2139 , 266
2140 , 300
2141 , 87
2142 , 366
2143 , 400
2144 , 6
2145 , 91
2146 , 161
2147 , 225
2148 , 318
2149 , 163
2150 , 246
2151 , 14
2152 , 503
2153 , 305
2154 , 297
2155 , 210
2156 , 284
2157 , 185
2158 , 198
2159 , 142
2160 , 243
2161 , 249
2162 , 473
2163 , 4
2164 , 4
2165 , 259
2166 , 286
2167 , 311
2168 , 435
2169 , 197
2170 , 321
2171 , 256
2172 , 421
2173 , 19
2174 , 286
2175 , 41
2176 , 352
2177 , 338
2178 , 214
2179 , 443
2180 , 21
2181 , 278
2182 , 4
2183 , 441
2184 , 127
2185 , 299
2186 , 128
2187 , 103
2188 , 250
2189 , 522
2190 , 18
2191 , 4
2192 , 321
2193 , 145
2194 , 84
2195 , 203
2196 , 285
2197 , 177
2198 , 476
2199 , 479
2200 , 203
2201 , 116
2202 , 94
2203 , 33
2204 , 332
2205 , 155
2206 , 37
2207 , 241
2208 , 4
2209 , 218
2210 , 161
2211 , 91
2212 , 227
2213 , 381
2214 , 227
2215 , 7
2216 , 25
2217 , 80
2218 , 147
2219 , 247
2220 , 408
2221 , 17
2222 , 263
2223 , 273
2224 , 40
2225 , 247
2226 , 6
2227 , 310
2228 , 91
2229 , 257
2230 , 139
2231 , 4
2232 , 291
2233 , 0
2234 , 66
2235 , 88
2236 , 263
2237 , 428
2238 , 303
2239 , 259
2240 , 183
2241 , 507
2242 , 313
2243 , 299
2244 , 376
2245 , 76
2246 , 277
2247 , 301
2248 , 247
2249 , 400
2250 , 4
2251 , 496
2252 , 191
2253 , 293
2254 , 204
2255 , 48
2256 , 295
2257 , 493
2258 , 4
2259 , 240
2260 , 305
2261 , 241
2262 , 252
2263 , 152
2264 , 241
2265 , 347
2266 , 4
2267 , 493
2268 , 173
2269 , 281
2270 , 116
2271 , 133
2272 , 139
2273 , 121
2274 , 363
2275 , 203
2276 , 293
2277 , 324
2278 , 215
2279 , 147
2280 , 304
2281 , 4
2282 , 164
2283 , 251
2284 , 69
2285 , 142
2286 , 175
2287 , 157
2288 , 143
2289 , 297
2290 , 93
2291 , 296
2292 , 73
2293 , 23
2294 , 221
2295 , 23
2296 , 17
2297 , 94
2298 , 4
2299 , 342
2300 , 120
2301 , 328
2302 , 323
2303 , 392
2304 , 224
2305 , 421
2306 , 356
2307 , 190
2308 , 132
2309 , 68
2310 , 69
2311 , 49
2312 , 43
2313 , 220
2314 , 222
2315 , 4
2316 , 291
2317 , 230
2318 , 4
2319 , 167
2320 , 362
2321 , 84
2322 , 4
2323 , 280
2324 , 147
2325 , 1
2326 , 283
2327 , 43
2328 , 93
2329 , 24
2330 , 201
2331 , 368
2332 , 137
2333 , 35
2334 , 164
2335 , 58
2336 , 111
2337 , 13
2338 , 515
2339 , 440
2340 , 4
2341 , 336
2342 , 345
2343 , 342
2344 , 265
2345 , 4
2346 , 213
2347 , 292
2348 , 146
2349 , 172
2350 , 214
2351 , 222
2352 , 227
2353 , 222
2354 , 82
2355 , 4
2356 , 482
2357 , 78
2358 , 61
2359 , 117
2360 , 4
2361 , 332
2362 , 210
2363 , 475
2364 , 478
2365 , 355
2366 , 4
2367 , 189
2368 , 80
2369 , 129
2370 , 302
2371 , 247
2372 , 340
2373 , 240
2374 , 12
2375 , 256
2376 , 110
2377 , 298
2378 , 83
2379 , 293
2380 , 201
2381 , 19
2382 , 39
2383 , 313
2384 , 323
2385 , 264
2386 , 141
2387 , 345
2388 , 266
2389 , 332
2390 , 188
2391 , 324
2392 , 28
2393 , 1
2394 , 29
2395 , 308
2396 , 219
2397 , 100
2398 , 424
2399 , 299
2400 , 4
2401 , 4
2402 , 4
2403 , 180
2404 , 170
2405 , 116
2406 , 352
2407 , 54
2408 , 267
2409 , 216
2410 , 213
2411 , 399
2412 , 184
2413 , 267
2414 , 280
2415 , 4
2416 , 4
2417 , 450
2418 , 189
2419 , 195
2420 , 498
2421 , 212
2422 , 323
2423 , 184
2424 , 379
2425 , 232
2426 , 24
2427 , 145
2428 , 93
2429 , 4
2430 , 240
2431 , 496
2432 , 243
2433 , 153
2434 , 274
2435 , 343
2436 , 324
2437 , 130
2438 , 154
2439 , 128
2440 , 103
2441 , 482
2442 , 87
2443 , 174
2444 , 414
2445 , 363
2446 , 4
2447 , 225
2448 , 221
2449 , 229
2450 , 38
2451 , 76
2452 , 354
2453 , 282
2454 , 4
2455 , 282
2456 , 255
2457 , 117
2458 , 154
2459 , 455
2460 , 272
2461 , 386
2462 , 157
2463 , 537
2464 , 349
2465 , 54
2466 , 162
2467 , 262
2468 , 241
2469 , 328
2470 , 166
2471 , 173
2472 , 289
2473 , 93
2474 , 60
2475 , 108
2476 , 258
2477 , 186
2478 , 171
2479 , 67
2480 , 4
2481 , 136
2482 , 506
2483 , 4
2484 , 331
2485 , 309
2486 , 254
2487 , 156
2488 , 329
2489 , 67
2490 , 117
2491 , 345
2492 , 353
2493 , 26
2494 , 149
2495 , 438
2496 , 101
2497 , 242
2498 , 252
2499 , 293
2500 , 175
2501 , 21
2502 , 374
2503 , 316
2504 , 288
2505 , 296
2506 , 185
2507 , 59
2508 , 251
2509 , 136
2510 , 204
2511 , 4
2512 , 92
2513 , 194
2514 , 276
2515 , 241
2516 , 29
2517 , 114
2518 , 519
2519 , 148
2520 , 198
2521 , 227
2522 , 312
2523 , 41
2524 , 139
2525 , 136
2526 , 72
2527 , 115
2528 , 348
2529 , 25
2530 , 285
2531 , 95
2532 , 237
2533 , 309
2534 , 37
2535 , 407
2536 , 124
2537 , 352
2538 , 308
2539 , 182
2540 , 4
2541 , 127
2542 , 4
2543 , 37
2544 , 161
2545 , 232
2546 , 451
2547 , 286
2548 , 302
2549 , 62
2550 , 387
2551 , 209
2552 , 216
2553 , 196
2554 , 339
2555 , 209
2556 , 287
2557 , 25
2558 , 251
2559 , 268
2560 , 91
2561 , 245
2562 , 357
2563 , 474
2564 , 196
2565 , 4
2566 , 246
2567 , 141
2568 , 90
2569 , 103
2570 , 31
2571 , 344
2572 , 4
2573 , 157
2574 , 291
2575 , 359
2576 , 103
2577 , 296
2578 , 93
2579 , 49
2580 , 4
2581 , 385
2582 , 379
2583 , 319
2584 , 240
2585 , 121
2586 , 185
2587 , 237
2588 , 342
2589 , 281
2590 , 180
2591 , 51
2592 , 209
2593 , 202
2594 , 467
2595 , 264
2596 , 4
2597 , 247
2598 , 344
2599 , 285
2600 , 540
2601 , 355
2602 , 132
2603 , 53
2604 , 14
2605 , 188
2606 , 30
2607 , 35
2608 , 318
2609 , 68
2610 , 254
2611 , 308
2612 , 4
2613 , 395
2614 , 157
2615 , 199
2616 , 79
2617 , 495
2618 , 4
2619 , 211
2620 , 26
2621 , 331
2622 , 11
2623 , 142
2624 , 53
2625 , 51
2626 , 112
2627 , 240
2628 , 303
2629 , 311
2630 , 77
2631 , 30
2632 , 228
2633 , 156
2634 , 310
2635 , 138
2636 , 112
2637 , 319
2638 , 86
2639 , 381
2640 , 239
2641 , 193
2642 , 379
2643 , 269
2644 , 105
2645 , 416
2646 , 4
2647 , 23
2648 , 452
2649 , 283
2650 , 77
2651 , 4
2652 , 180
2653 , 53
2654 , 168
2655 , 240
2656 , 36
2657 , 46
2658 , 103
2659 , 53
2660 , 458
2661 , 99
2662 , 45
2663 , 65
2664 , 295
2665 , 4
2666 , 494
2667 , 399
2668 , 4
2669 , 152
2670 , 314
2671 , 78
2672 , 175
2673 , 271
2674 , 83
2675 , 422
2676 , 369
2677 , 93
2678 , 147
2679 , 37
2680 , 299
2681 , 339
2682 , 298
2683 , 544
2684 , 270
2685 , 392
2686 , 61
2687 , 108
2688 , 380
2689 , 68
2690 , 7
2691 , 451
2692 , 4
2693 , 90
2694 , 78
2695 , 415
2696 , 431
2697 , 181
2698 , 55
2699 , 180
2700 , 240
2701 , 70
2702 , 4
2703 , 194
2704 , 116
2705 , 395
2706 , 202
2707 , 314
2708 , 96
2709 , 71
2710 , 4
2711 , 497
2712 , 119
2713 , 95
2714 , 293
2715 , 323
2716 , 244
2717 , 111
2718 , 80
2719 , 355
2720 , 4
2721 , 4
2722 , 503
2723 , 281
2724 , 345
2725 , 131
2726 , 121
2727 , 280
2728 , 262
2729 , 192
2730 , 275
2731 , 95
2732 , 93
2733 , 58
2734 , 82
2735 , 127
2736 , 248
2737 , 310
2738 , 97
2739 , 43
2740 , 4
2741 , 6
2742 , 267
2743 , 173
2744 , 238
2745 , 102
2746 , 357
2747 , 226
2748 , 315
2749 , 169
2750 , 71
2751 , 20
2752 , 195
2753 , 163
2754 , 225
2755 , 522
2756 , 391
2757 , 86
2758 , 133
2759 , 188
2760 , 4
2761 , 270
2762 , 276
2763 , 175
2764 , 4
2765 , 213
2766 , 199
2767 , 75
2768 , 255
2769 , 334
2770 , 393
2771 , 4
2772 , 131
2773 , 99
2774 , 233
2775 , 4
2776 , 190
2777 , 361
2778 , 307
2779 , 507
2780 , 155
2781 , 265
2782 , 60
2783 , 249
2784 , 137
2785 , 294
2786 , 226
2787 , 480
2788 , 145
2789 , 333
2790 , 413
2791 , 58
2792 , 244
2793 , 62
2794 , 4
2795 , 384
2796 , 307
2797 , 280
2798 , 56
2799 , 263
2800 , 324
2801 , 69
2802 , 291
2803 , 294
2804 , 414
2805 , 277
2806 , 26
2807 , 335
2808 , 223
2809 , 4
2810 , 44
2811 , 119
2812 , 134
2813 , 4
2814 , 4
2815 , 409
2816 , 4
2817 , 75
2818 , 98
2819 , 381
2820 , 511
2821 , 319
2822 , 341
2823 , 4
2824 , 291
2825 , 161
2826 , 140
2827 , 4
2828 , 81
2829 , 136
2830 , 450
2831 , 321
2832 , 377
2833 , 6
2834 , 48
2835 , 400
2836 , 97
2837 , 115
2838 , 286
2839 , 4
2840 , 260
2841 , 218
2842 , 4
2843 , 240
2844 , 71
2845 , 4
2846 , 183
2847 , 126
2848 , 297
2849 , 146
2850 , 207
2851 , 166
2852 , 32
2853 , 4
2854 , 112
2855 , 325
2856 , 179
2857 , 151
2858 , 25
2859 , 4
2860 , 278
2861 , 23
2862 , 213
2863 , 4
2864 , 4
2865 , 258
2866 , 268
2867 , 51
2868 , 356
2869 , 294
2870 , 194
2871 , 248
2872 , 272
2873 , 200
2874 , 503
2875 , 93
2876 , 28
2877 , 176
2878 , 266
2879 , 188
2880 , 4
2881 , 207
2882 , 125
2883 , 52
2884 , 228
2885 , 276
2886 , 4
2887 , 240
2888 , 391
2889 , 21
2890 , 4
2891 , 310
2892 , 178
2893 , 208
2894 , 138
2895 , 279
2896 , 431
2897 , 203
2898 , 229
2899 , 287
2900 , 342
2901 , 231
2902 , 489
2903 , 111
2904 , 299
2905 , 29
2906 , 168
2907 , 58
2908 , 11
2909 , 37
2910 , 150
2911 , 266
2912 , 106
2913 , 4
2914 , 242
2915 , 149
2916 , 299
2917 , 84
2918 , 104
2919 , 48
2920 , 288
2921 , 63
2922 , 4
2923 , 191
2924 , 163
2925 , 30
2926 , 148
2927 , 313
2928 , 234
2929 , 208
2930 , 201
2931 , 141
2932 , 346
2933 , 94
2934 , 14
2935 , 150
2936 , 35
2937 , 478
2938 , 318
2939 , 163
2940 , 104
2941 , 73
2942 , 264
2943 , 178
2944 , 285
2945 , 186
2946 , 201
2947 , 91
2948 , 353
2949 , 279
2950 , 11
2951 , 118
2952 , 51
2953 , 136
2954 , 126
2955 , 4
2956 , 398
2957 , 4
2958 , 56
2959 , 253
2960 , 195
2961 , 196
2962 , 95
2963 , 4
2964 , 89
2965 , 303
2966 , 404
2967 , 336
2968 , 110
2969 , 37
2970 , 136
2971 , 2
2972 , 231
2973 , 44
2974 , 108
2975 , 508
2976 , 165
2977 , 464
2978 , 44
2979 , 206
2980 , 293
2981 , 281
2982 , 324
2983 , 511
2984 , 295
2985 , 291
2986 , 4
2987 , 346
2988 , 4
2989 , 277
2990 , 54
2991 , 18
2992 , 241
2993 , 4
2994 , 318
2995 , 384
2996 , 26
2997 , 309
2998 , 240
2999 , 88
3000 , 17
3001 , 255
3002 , 40
3003 , 211
3004 , 84
3005 , 170
3006 , 238
3007 , 4
3008 , 263
3009 , 278
3010 , 248
3011 , 82
3012 , 77
3013 , 4
3014 , 111
3015 , 1
3016 , 110
3017 , 145
3018 , 4
3019 , 195
3020 , 265
3021 , 5
3022 , 209
3023 , 176
3024 , 529
3025 , 250
3026 , 244
3027 , 115
3028 , 280
3029 , 98
3030 , 309
3031 , 124
3032 , 63
3033 , 88
3034 , 321
3035 , 365
3036 , 225
3037 , 133
3038 , 4
3039 , 193
3040 , 141
3041 , 270
3042 , 4
3043 , 78
3044 , 191
3045 , 127
3046 , 147
3047 , 230
3048 , 190
3049 , 87
3050 , 129
3051 , 287
3052 , 140
3053 , 170
3054 , 211
3055 , 253
3056 , 359
3057 , 283
3058 , 248
3059 , 168
3060 , 121
3061 , 291
3062 , 199
3063 , 49
3064 , 127
3065 , 13
3066 , 4
3067 , 17
3068 , 100
3069 , 312
3070 , 318
3071 , 58
3072 , 251
3073 , 103
3074 , 161
3075 , 205
3076 , 95
3077 , 57
3078 , 172
3079 , 182
3080 , 76
3081 , 247
3082 , 145
3083 , 314
3084 , 412
3085 , 321
3086 , 272
3087 , 240
3088 , 120
3089 , 35
3090 , 61
3091 , 342
3092 , 4
3093 , 179
3094 , 105
3095 , 87
3096 , 93
3097 , 359
3098 , 47
3099 , 39
3100 , 342
3101 , 91
3102 , 493
3103 , 538
3104 , 318
3105 , 217
3106 , 219
3107 , 36
3108 , 10
3109 , 64
3110 , 324
3111 , 175
3112 , 256
3113 , 132
3114 , 4
3115 , 376
3116 , 191
3117 , 289
3118 , 127
3119 , 405
3120 , 67
3121 , 138
3122 , 277
3123 , 301
3124 , 318
3125 , 258
3126 , 14
3127 , 144
3128 , 179
3129 , 471
3130 , 282
3131 , 207
3132 , 152
3133 , 340
3134 , 224
3135 , 37
3136 , 318
3137 , 398
3138 , 93
3139 , 52
3140 , 235
3141 , 439
3142 , 110
3143 , 131
3144 , 338
3145 , 134
3146 , 4
3147 , 4
3148 , 318
3149 , 218
3150 , 116
3151 , 290
3152 , 60
3153 , 320
3154 , 295
3155 , 4
3156 , 133
3157 , 92
3158 , 4
3159 , 244
3160 , 197
3161 , 215
3162 , 430
3163 , 43
3164 , 281
3165 , 31
3166 , 55
3167 , 443
3168 , 144
3169 , 69
3170 , 300
3171 , 379
3172 , 23
3173 , 145
3174 , 89
3175 , 71
3176 , 72
3177 , 213
3178 , 139
3179 , 285
3180 , 228
3181 , 35
3182 , 4
3183 , 214
3184 , 252
3185 , 132
3186 , 110
3187 , 55
3188 , 209
3189 , 317
3190 , 92
3191 , 261
3192 , 325
3193 , 91
3194 , 83
3195 , 223
3196 , 82
3197 , 190
3198 , 4
3199 , 144
3200 , 97
3201 , 4
3202 , 198
3203 , 64
3204 , 212
3205 , 0
3206 , 304
3207 , 29
3208 , 286
3209 , 65
3210 , 517
3211 , 133
3212 , 244
3213 , 4
3214 , 276
3215 , 281
3216 , 257
3217 , 296
3218 , 147
3219 , 41
3220 , 195
3221 , 71
3222 , 192
3223 , 324
3224 , 187
3225 , 4
3226 , 259
3227 , 20
3228 , 276
3229 , 264
3230 , 83
3231 , 224
3232 , 340
3233 , 470
3234 , 188
3235 , 292
3236 , 212
3237 , 55
3238 , 80
3239 , 22
3240 , 101
3241 , 189
3242 , 67
3243 , 21
3244 , 55
3245 , 68
3246 , 237
3247 , 111
3248 , 192
3249 , 4
3250 , 259
3251 , 83
3252 , 98
3253 , 150
3254 , 257
3255 , 4
3256 , 275
3257 , 453
3258 , 137
3259 , 229
3260 , 397
3261 , 158
3262 , 97
3263 , 4
3264 , 4
3265 , 389
3266 , 148
3267 , 323
3268 , 170
3269 , 76
3270 , 107
3271 , 141
3272 , 258
3273 , 470
3274 , 437
3275 , 98
3276 , 200
3277 , 70
3278 , 4
3279 , 265
3280 , 285
3281 , 77
3282 , 320
3283 , 153
3284 , 4
3285 , 260
3286 , 4
3287 , 136
3288 , 340
3289 , 132
3290 , 287
3291 , 250
3292 , 124
3293 , 426
3294 , 174
3295 , 275
3296 , 103
3297 , 103
3298 , 218
3299 , 310
3300 , 235
3301 , 40
3302 , 549
3303 , 4
3304 , 35
3305 , 92
3306 , 15
3307 , 329
3308 , 38
3309 , 231
3310 , 181
3311 , 143
3312 , 129
3313 , 154
3314 , 208
3315 , 306
3316 , 40
3317 , 293
3318 , 297
3319 , 245
3320 , 246
3321 , 273
3322 , 466
3323 , 52
3324 , 61
3325 , 68
3326 , 263
3327 , 177
3328 , 4
3329 , 305
3330 , 159
3331 , 249
3332 , 52
3333 , 163
3334 , 4
3335 , 83
3336 , 155
3337 , 419
3338 , 214
3339 , 4
3340 , 57
3341 , 281
3342 , 241
3343 , 146
3344 , 166
3345 , 146
3346 , 337
3347 , 93
3348 , 283
3349 , 89
3350 , 266
3351 , 177
3352 , 344
3353 , 42
3354 , 302
3355 , 20
3356 , 4
3357 , 155
3358 , 81
3359 , 4
3360 , 4
3361 , 252
3362 , 121
3363 , 484
3364 , 287
3365 , 205
3366 , 69
3367 , 318
3368 , 246
3369 , 59
3370 , 185
3371 , 93
3372 , 44
3373 , 367
3374 , 62
3375 , 4
3376 , 181
3377 , 125
3378 , 139
3379 , 77
3380 , 193
3381 , 276
3382 , 216
3383 , 4
3384 , 459
3385 , 360
3386 , 329
3387 , 220
3388 , 320
3389 , 145
3390 , 317
3391 , 158
3392 , 177
3393 , 203
3394 , 4
3395 , 154
3396 , 105
3397 , 293
3398 , 216
3399 , 111
3400 , 41
3401 , 276
3402 , 135
3403 , 253
3404 , 99
3405 , 292
3406 , 4
3407 , 105
3408 , 86
3409 , 394
3410 , 259
3411 , 307
3412 , 350
3413 , 366
3414 , 211
3415 , 51
3416 , 287
3417 , 142
3418 , 188
3419 , 181
3420 , 350
3421 , 284
3422 , 142
3423 , 523
3424 , 291
3425 , 144
3426 , 121
3427 , 164
3428 , 37
3429 , 273
3430 , 174
3431 , 93
3432 , 36
3433 , 4
3434 , 251
3435 , 4
3436 , 359
3437 , 269
3438 , 11
3439 , 132
3440 , 255
3441 , 448
3442 , 124
3443 , 4
3444 , 180
3445 , 140
3446 , 489
3447 , 60
3448 , 288
3449 , 269
3450 , 458
3451 , 292
3452 , 98
3453 , 4
3454 , 225
3455 , 134
3456 , 243
3457 , 22
3458 , 124
3459 , 146
3460 , 171
3461 , 298
3462 , 80
3463 , 283
3464 , 393
3465 , 165
3466 , 126
3467 , 106
3468 , 344
3469 , 91
3470 , 73
3471 , 231
3472 , 4
3473 , 91
3474 , 31
3475 , 206
3476 , 2
3477 , 271
3478 , 4
3479 , 203
3480 , 280
3481 , 4
3482 , 303
3483 , 121
3484 , 488
3485 , 4
3486 , 11
3487 , 113
3488 , 357
3489 , 202
3490 , 197
3491 , 117
3492 , 89
3493 , 305
3494 , 365
3495 , 4
3496 , 36
3497 , 351
3498 , 54
3499 , 221
3500 , 215
3501 , 197
3502 , 369
3503 , 74
3504 , 151
3505 , 48
3506 , 367
3507 , 144
3508 , 100
3509 , 206
3510 , 218
3511 , 339
3512 , 384
3513 , 69
